{
  "Total" : {
    "transaction" : "Total",
    "sampleCount" : 870,
    "errorCount" : 0,
    "errorPct" : 0.0,
    "meanResTime" : 131.18160919540227,
    "medianResTime" : 89.0,
    "minResTime" : 30.0,
    "maxResTime" : 2048.0,
    "pct1ResTime" : 261.9,
    "pct2ResTime" : 403.89999999999986,
    "pct3ResTime" : 1022.0,
    "throughput" : 14.49227078891258,
    "receivedKBytesPerSec" : 50.31152981430737,
    "sentKBytesPerSec" : 5.293075463919243
  },
  "HTTP Request" : {
    "transaction" : "HTTP Request",
    "sampleCount" : 870,
    "errorCount" : 0,
    "errorPct" : 0.0,
    "meanResTime" : 131.18160919540227,
    "medianResTime" : 89.0,
    "minResTime" : 30.0,
    "maxResTime" : 2048.0,
    "pct1ResTime" : 261.9,
    "pct2ResTime" : 403.89999999999986,
    "pct3ResTime" : 1022.0,
    "throughput" : 14.49227078891258,
    "receivedKBytesPerSec" : 50.31152981430737,
    "sentKBytesPerSec" : 5.293075463919243
  }
}